id,source,target,type,claim,certainty,evidence_ids,provenance
edge:0001,arxiv:1706.03762,ai:attention,supports,以自注意力和前馈层构造编码器—解码器；解码器以因果掩码保持自回归。,reviewed_source_summary,"[""arxiv:1706.03762""]",ai_foundations_evidence.json
edge:0002,arxiv:1706.03762,ai:multimodal_alignment,supports,以自注意力和前馈层构造编码器—解码器；解码器以因果掩码保持自回归。,reviewed_source_summary,"[""arxiv:1706.03762""]",ai_foundations_evidence.json
edge:0003,arxiv:2111.06377,ai:self_supervised_representation,supports,MAE 用高比例随机遮挡和非对称编码器—解码器重建缺失像素。,reviewed_source_summary,"[""arxiv:2111.06377""]",ai_foundations_evidence.json
edge:0004,arxiv:2111.06377,ai:compression_and_memory,supports,MAE 用高比例随机遮挡和非对称编码器—解码器重建缺失像素。,reviewed_source_summary,"[""arxiv:2111.06377""]",ai_foundations_evidence.json
edge:0005,arxiv:2508.10104,ai:self_supervised_representation,supports,长程训练中全局分类表征提升可伴随局部稠密特征退化。,reviewed_source_summary,"[""arxiv:2508.10104""]",ai_foundations_evidence.json
edge:0006,arxiv:2508.10104,ai:generalization_theory,supports,长程训练中全局分类表征提升可伴随局部稠密特征退化。,reviewed_source_summary,"[""arxiv:2508.10104""]",ai_foundations_evidence.json
edge:0007,arxiv:2103.00020,ai:multimodal_alignment,supports,图像与文本分别编码，批内真实配对用对称交叉熵进行对比学习。,reviewed_source_summary,"[""arxiv:2103.00020""]",ai_foundations_evidence.json
edge:0008,arxiv:2103.00020,ai:self_supervised_representation,supports,图像与文本分别编码，批内真实配对用对称交叉熵进行对比学习。,reviewed_source_summary,"[""arxiv:2103.00020""]",ai_foundations_evidence.json
edge:0009,arxiv:2212.04356,ai:multimodal_alignment,supports,Whisper 以音频—转录弱监督训练标准编码器—解码器，任务和时间戳以 token 指定。,reviewed_source_summary,"[""arxiv:2212.04356""]",ai_foundations_evidence.json
edge:0010,arxiv:2212.04356,ai:streaming_multimodal,supports,Whisper 以音频—转录弱监督训练标准编码器—解码器，任务和时间戳以 token 指定。,reviewed_source_summary,"[""arxiv:2212.04356""]",ai_foundations_evidence.json
edge:0011,arxiv:2509.17765,ai:streaming_multimodal,supports,Thinker—Talker 系统联合文本、视觉与音频条件，以时间对齐位置表示处理音视频。,reviewed_source_summary,"[""arxiv:2509.17765""]",ai_foundations_evidence.json
edge:0012,arxiv:2509.17765,ai:multimodal_alignment,supports,Thinker—Talker 系统联合文本、视觉与音频条件，以时间对齐位置表示处理音视频。,reviewed_source_summary,"[""arxiv:2509.17765""]",ai_foundations_evidence.json
edge:0013,arxiv:2604.15804,ai:streaming_multimodal,supports,在 Qwen3-Omni 基础上加入显式时间戳与 ARIA 自适应文本—语音交错约束，处理异速 token 对齐。,reviewed_source_summary,"[""arxiv:2604.15804""]",ai_foundations_evidence.json
edge:0014,arxiv:2604.15804,ai:multimodal_alignment,supports,在 Qwen3-Omni 基础上加入显式时间戳与 ARIA 自适应文本—语音交错约束，处理异速 token 对齐。,reviewed_source_summary,"[""arxiv:2604.15804""]",ai_foundations_evidence.json
edge:0015,arxiv:2006.11239,ai:diffusion,supports,固定正向高斯加噪允许直接采样任意噪声时刻；逆过程可参数化为噪声预测。,reviewed_source_summary,"[""arxiv:2006.11239""]",ai_foundations_evidence.json
edge:0016,arxiv:2006.11239,ai:hardware_aware_systems,supports,固定正向高斯加噪允许直接采样任意噪声时刻；逆过程可参数化为噪声预测。,reviewed_source_summary,"[""arxiv:2006.11239""]",ai_foundations_evidence.json
edge:0017,arxiv:2210.02747,ai:flow_matching,supports,以条件路径的速度回归替代不可计算的边缘速度目标；条件与边缘目标梯度在原文假设下相同。,reviewed_source_summary,"[""arxiv:2210.02747""]",ai_foundations_evidence.json
edge:0018,arxiv:2210.02747,ai:diffusion,supports,以条件路径的速度回归替代不可计算的边缘速度目标；条件与边缘目标梯度在原文假设下相同。,reviewed_source_summary,"[""arxiv:2210.02747""]",ai_foundations_evidence.json
edge:0019,arxiv:2212.09748,ai:latent_generative_models,supports,DiT 把 VAE 潜变量 patch 化，以 Transformer 预测噪声及协方差。,reviewed_source_summary,"[""arxiv:2212.09748""]",ai_foundations_evidence.json
edge:0020,arxiv:2212.09748,ai:diffusion,supports,DiT 把 VAE 潜变量 patch 化，以 Transformer 预测噪声及协方差。,reviewed_source_summary,"[""arxiv:2212.09748""]",ai_foundations_evidence.json
edge:0021,arxiv:2312.00752,ai:selective_state_space,supports,使状态空间参数依赖输入，控制哪些上下文信息进入或保留于状态。,reviewed_source_summary,"[""arxiv:2312.00752""]",ai_foundations_evidence.json
edge:0022,arxiv:2312.00752,ai:compression_and_memory,supports,使状态空间参数依赖输入，控制哪些上下文信息进入或保留于状态。,reviewed_source_summary,"[""arxiv:2312.00752""]",ai_foundations_evidence.json
edge:0023,arxiv:2405.21060,ai:selective_state_space,supports,标量乘单位阵形式的 SSM 与 1-半可分掩码的结构化注意力存在精确对偶。,reviewed_source_summary,"[""arxiv:2405.21060""]",ai_foundations_evidence.json
edge:0024,arxiv:2405.21060,ai:attention,supports,标量乘单位阵形式的 SSM 与 1-半可分掩码的结构化注意力存在精确对偶。,reviewed_source_summary,"[""arxiv:2405.21060""]",ai_foundations_evidence.json
edge:0025,arxiv:2412.19437,ai:sparse_experts,supports,MLA 联合压缩 K/V 缓存；细粒度路由专家与共享专家分离总容量和激活计算。,reviewed_source_summary,"[""arxiv:2412.19437""]",ai_foundations_evidence.json
edge:0026,arxiv:2412.19437,ai:compression_and_memory,supports,MLA 联合压缩 K/V 缓存；细粒度路由专家与共享专家分离总容量和激活计算。,reviewed_source_summary,"[""arxiv:2412.19437""]",ai_foundations_evidence.json
edge:0027,arxiv:2203.15556,ai:scaling_laws,supports,固定训练 FLOPs 时模型规模与训练 token 需联合优化；作者多种拟合得到近似共同扩大的配置。,reviewed_source_summary,"[""arxiv:2203.15556""]",ai_foundations_evidence.json
edge:0028,arxiv:2203.15556,ai:data_curation,supports,固定训练 FLOPs 时模型规模与训练 token 需联合优化；作者多种拟合得到近似共同扩大的配置。,reviewed_source_summary,"[""arxiv:2203.15556""]",ai_foundations_evidence.json
edge:0029,arxiv:2406.11794,ai:data_curation,supports,固定各尺度训练配方，让数据过滤与混合成为主要受控变量。,reviewed_source_summary,"[""arxiv:2406.11794""]",ai_foundations_evidence.json
edge:0030,arxiv:2406.11794,ai:scaling_laws,supports,固定各尺度训练配方，让数据过滤与混合成为主要受控变量。,reviewed_source_summary,"[""arxiv:2406.11794""]",ai_foundations_evidence.json
edge:0031,url:qualitypajama-iclr2026,ai:data_curation,supports,23 种干预数据集、2000 余模型的经验分析发现数据质量同时改变缩放律系数与指数。,reviewed_source_summary,"[""url:qualitypajama-iclr2026""]",ai_foundations_evidence.json
edge:0032,url:qualitypajama-iclr2026,ai:scaling_laws,supports,23 种干预数据集、2000 余模型的经验分析发现数据质量同时改变缩放律系数与指数。,reviewed_source_summary,"[""url:qualitypajama-iclr2026""]",ai_foundations_evidence.json
edge:0033,arxiv:2407.08608,ai:hardware_aware_systems,supports,FlashAttention-3 利用 Hopper 异步数据搬运、warp specialization 与矩阵乘/softmax 调度重叠。,reviewed_source_summary,"[""arxiv:2407.08608""]",ai_foundations_evidence.json
edge:0034,arxiv:2407.08608,ai:attention,supports,FlashAttention-3 利用 Hopper 异步数据搬运、warp specialization 与矩阵乘/softmax 调度重叠。,reviewed_source_summary,"[""arxiv:2407.08608""]",ai_foundations_evidence.json
edge:0035,arxiv:1812.11118,ai:generalization_theory,supports,插值阈值附近的测试风险峰值可接续更高容量区的第二次下降。,reviewed_source_summary,"[""arxiv:1812.11118""]",ai_foundations_evidence.json
edge:0036,arxiv:1812.11118,ai:scaling_laws,supports,插值阈值附近的测试风险峰值可接续更高容量区的第二次下降。,reviewed_source_summary,"[""arxiv:1812.11118""]",ai_foundations_evidence.json
edge:0037,ai:attention,ai:self_supervised_representation,enables,注意力可作为掩码学习和教师学生学习的编码骨架，但不会自行确定表征目标。,synthesis_inference,"[""arxiv:1706.03762"", ""arxiv:2111.06377"", ""arxiv:2508.10104""]",ai_foundations_evidence.json
edge:0038,ai:self_supervised_representation,ai:generalization_theory,tradeoff,代理目标的改善未必保留全部下游充分信息，DINOv3 的全局/局部分歧提供具体实例。,synthesis_inference,"[""arxiv:2508.10104"", ""arxiv:1812.11118""]",ai_foundations_evidence.json
edge:0039,ai:multimodal_alignment,ai:self_supervised_representation,alternative_to,图文对比与图像内部掩码提供不同监督信号，可互补而非简单替代。,synthesis_inference,"[""arxiv:2103.00020"", ""arxiv:2111.06377""]",ai_foundations_evidence.json
edge:0040,ai:multimodal_alignment,ai:streaming_multimodal,enables,静态语义对应为流式多模态提供基础，异速采样仍需显式时间与对齐设计。,synthesis_inference,"[""arxiv:2103.00020"", ""arxiv:2509.17765"", ""arxiv:2604.15804""]",ai_foundations_evidence.json
edge:0041,ai:streaming_multimodal,ai:compression_and_memory,tradeoff,降低感知 token 率节省长上下文资源，同时改变时间分辨率和信息保留。,synthesis_inference,"[""arxiv:2509.17765"", ""arxiv:2604.15804""]",ai_foundations_evidence.json
edge:0042,ai:streaming_multimodal,ai:hardware_aware_systems,depends_on,首包延迟由编码、prefill、解码与波形生成的关键路径共同决定。,synthesis_inference,"[""arxiv:2509.17765"", ""arxiv:2604.15804""]",ai_foundations_evidence.json
edge:0043,ai:data_curation,ai:multimodal_alignment,enables,配对和转录质量定义可学的语义对应，规模不能单独代替标签和覆盖审查。,synthesis_inference,"[""arxiv:2103.00020"", ""arxiv:2212.04356""]",ai_foundations_evidence.json
edge:0044,ai:diffusion,ai:flow_matching,alternative_to,噪声预测与条件速度回归提供关联但不同的生成建模参数化，二者均须指定路径及采样协议。,synthesis_inference,"[""arxiv:2006.11239"", ""arxiv:2210.02747""]",ai_foundations_evidence.json
edge:0045,ai:attention,ai:latent_generative_models,enables,DiT 展示注意力骨架可在压缩潜空间实施扩散生成。,synthesis_inference,"[""arxiv:2212.09748""]",ai_foundations_evidence.json
edge:0046,ai:latent_generative_models,ai:compression_and_memory,tradeoff,潜空间生成减少 token 与计算，同时引入编码器可恢复信息的边界。,synthesis_inference,"[""arxiv:2212.09748""]",ai_foundations_evidence.json
edge:0047,ai:flow_matching,ai:hardware_aware_systems,tradeoff,无模拟训练减轻训练链条，但采样 ODE 步数和数值精度仍决定推理成本。,synthesis_inference,"[""arxiv:2210.02747""]",ai_foundations_evidence.json
edge:0048,ai:attention,ai:selective_state_space,alternative_to,显式上下文寻址与有限状态选择性压缩采用不同的记忆分配。,synthesis_inference,"[""arxiv:2312.00752""]",ai_foundations_evidence.json
edge:0049,ai:selective_state_space,ai:attention,related_to,结构化特例存在 SSD 数学对偶，不应扩展为所有 softmax 注意力与 SSM 等价。,synthesis_inference,"[""arxiv:2405.21060""]",ai_foundations_evidence.json
edge:0050,ai:selective_state_space,ai:compression_and_memory,tradeoff,线性序列计算的资源收益建立在有限状态和选择性保留的表示设计上。,synthesis_inference,"[""arxiv:2312.00752""]",ai_foundations_evidence.json
edge:0051,ai:selective_state_space,ai:hardware_aware_systems,depends_on,选择性递推需要并行扫描、融合和重计算等实现才能兑现复杂度优势。,synthesis_inference,"[""arxiv:2312.00752"", ""arxiv:2405.21060""]",ai_foundations_evidence.json
edge:0052,ai:sparse_experts,ai:hardware_aware_systems,depends_on,仅激活少数专家后的节约仍受路由负载和分布式通信约束。,synthesis_inference,"[""arxiv:2412.19437""]",ai_foundations_evidence.json
edge:0053,ai:sparse_experts,ai:compression_and_memory,complements,稀疏 FFN 与 KV 压缩解决不同开销，DeepSeek-V3 将其组合。,synthesis_inference,"[""arxiv:2412.19437""]",ai_foundations_evidence.json
edge:0054,ai:hardware_aware_systems,ai:attention,enables,更少显存读写和异步执行扩大注意力可用预算，但不取消两两交互算术。,synthesis_inference,"[""arxiv:2407.08608""]",ai_foundations_evidence.json
edge:0055,ai:hardware_aware_systems,ai:compression_and_memory,tradeoff,低精度减少带宽和矩阵乘开销，需要对敏感运算保留精度并测量累积误差。,synthesis_inference,"[""arxiv:2407.08608"", ""arxiv:2412.19437""]",ai_foundations_evidence.json
edge:0056,ai:scaling_laws,ai:data_curation,depends_on,数据干预会改变经验缩放规律，不能把固定 token/参数比例当作跨数据常量。,synthesis_inference,"[""arxiv:2203.15556"", ""url:qualitypajama-iclr2026""]",ai_foundations_evidence.json
edge:0057,ai:data_curation,ai:generalization_theory,tradeoff,过滤可提高指定验证集效用，也可能收缩覆盖；跨尺度排序应重新测量。,synthesis_inference,"[""arxiv:2406.11794"", ""url:qualitypajama-iclr2026""]",ai_foundations_evidence.json
edge:0058,ai:generalization_theory,ai:scaling_laws,qualifies,参数量、训练误差和测试性能之间不存在单一单调定理，经验前沿须注明范围。,synthesis_inference,"[""arxiv:1812.11118"", ""arxiv:2203.15556""]",ai_foundations_evidence.json
edge:0059,ai:compression_and_memory,ai:generalization_theory,tradeoff,压缩是否有利取决于被丢弃信息是否与任务相关，资源最小化不等于科学充分性。,synthesis_inference,"[""arxiv:2111.06377"", ""arxiv:2312.00752"", ""arxiv:2212.09748""]",ai_foundations_evidence.json
edge:0060,ai:data_curation,ai:scaling_laws,addresses,受控多尺度数据实验可辨别质量收益是稳定规律还是特定预算下的排序。,synthesis_inference,"[""arxiv:2406.11794"", ""url:qualitypajama-iclr2026""]",ai_foundations_evidence.json
edge:0061,arxiv:2201.11903,ai:reasoning_traces,studies,少样本中间轨迹提示是本文被研究的计算接口。,reviewed_source_summary,"[""arxiv:2201.11903""]",ai_reasoning_systems_evidence.json
edge:0062,arxiv:2305.18290,ai:preference_optimization,proposes,DPO给出直接成对偏好优化目标。,reviewed_source_summary,"[""arxiv:2305.18290""]",ai_reasoning_systems_evidence.json
edge:0063,arxiv:2501.12948,ai:verifiable_rl,demonstrates,R1-Zero报告从预训练基座以规则奖励进行RL。,reviewed_source_summary,"[""arxiv:2501.12948""]",ai_reasoning_systems_evidence.json
edge:0064,arxiv:2605.10325,ai:process_verification,proposes,VPR以任务oracle产生逐回合奖励。,reviewed_source_summary,"[""arxiv:2605.10325""]",ai_reasoning_systems_evidence.json
edge:0065,arxiv:2604.23987,ai:continual_adaptation,studies,持续微调研究将覆盖漂移列为独立评测对象。,reviewed_source_summary,"[""arxiv:2604.23987""]",ai_reasoning_systems_evidence.json
edge:0066,ai:reasoning_traces,ai:test_time_compute,exposes_computation,中间轨迹提供可分配串行计算，但更长文本不保证收益。,synthesis_inference,"[""arxiv:2201.11903"", ""arxiv:2408.03314""]",ai_reasoning_systems_evidence.json
edge:0067,ai:process_verification,ai:test_time_compute,enables_selection,过程评分能够参与搜索和候选选择，其误差随选择压力暴露。,synthesis_inference,"[""arxiv:2305.20050"", ""arxiv:2408.03314""]",ai_reasoning_systems_evidence.json
edge:0068,ai:preference_optimization,ai:verifiable_rl,complements_feedback,偏好与规则奖励可构成不同反馈渠道，不能将偏好自动标为正确性。,synthesis_inference,"[""arxiv:2305.18290"", ""arxiv:2501.12948"", ""arxiv:2606.09380""]",ai_reasoning_systems_evidence.json
edge:0069,ai:verifiable_rl,ai:execution_evaluation,requires_budgeted_evaluation,比较RL收益须同时记录pass@1、pass@k、可用选择器和总预算。,synthesis_inference,"[""arxiv:2504.13837"", ""arxiv:2408.03314""]",ai_reasoning_systems_evidence.json
edge:0070,ai:process_verification,ai:verifiable_rl,densifies_feedback,可靠中间oracle可减少信用分配困难，但可能改变实际优化目标。,synthesis_inference,"[""arxiv:2605.10325""]",ai_reasoning_systems_evidence.json
edge:0071,ai:reasoning_traces,ai:tool_agents,supports_context_updates,显式轨迹可组织工具行动，外部观察又更新后续推理。,synthesis_inference,"[""arxiv:2210.03629""]",ai_reasoning_systems_evidence.json
edge:0072,ai:tool_agents,ai:execution_evaluation,requires_environment_checks,工具型系统应在固定初态、接口与执行预算下验证结果。,synthesis_inference,"[""arxiv:2310.06770"", ""arxiv:2404.07972""]",ai_reasoning_systems_evidence.json
edge:0073,ai:tool_agents,ai:world_models,alternative_transition_access,执行工具得到真实转移，世界模型提供预测转移；二者可组合但证据地位不同。,synthesis_inference,"[""arxiv:2210.03629"", ""arxiv:2301.04104""]",ai_reasoning_systems_evidence.json
edge:0074,ai:world_models,ai:embodied_policies,supports_imagined_training,世界模型为策略提供想象经验，实际控制仍受模型误差约束。,synthesis_inference,"[""arxiv:2301.04104"", ""arxiv:2501.10100""]",ai_reasoning_systems_evidence.json
edge:0075,ai:reasoning_traces,ai:embodied_policies,suggests_hierarchical_interfaces,高层语义子任务可连接语言决策和低层动作，收益需分离监督数据与推理机制。,synthesis_inference,"[""arxiv:2504.16054""]",ai_reasoning_systems_evidence.json
edge:0076,ai:causal_representation,ai:world_models,qualifies_intervention_claims,能够预测动作后果不足以自动证明因果识别；干预语义需要额外条件。,synthesis_inference,"[""arxiv:2102.11107"", ""arxiv:2501.10100""]",ai_reasoning_systems_evidence.json
edge:0077,ai:causal_representation,ai:execution_evaluation,motivates_interventions,机制泛化的评测需要已定义干预，而不只随机ID划分。,synthesis_inference,"[""arxiv:2102.11107""]",ai_reasoning_systems_evidence.json
edge:0078,ai:calibrated_uncertainty,ai:execution_evaluation,adds_coverage_metrics,评测需共同记录覆盖、集合宽度和分组表现。,synthesis_inference,"[""arxiv:2107.07511""]",ai_reasoning_systems_evidence.json
edge:0079,ai:continual_adaptation,ai:calibrated_uncertainty,can_shift_scores,持续适应可能使分数和阈值不再匹配，即使准确率变化不大。,synthesis_inference,"[""arxiv:2604.23987""]",ai_reasoning_systems_evidence.json
edge:0080,ai:calibrated_uncertainty,ai:world_models,suggests_reliability_gates,世界模型的长时决策可研究校准门控，但分类边际保证不能直接转成控制安全保证。,synthesis_inference,"[""arxiv:2107.07511"", ""arxiv:2501.10100""]",ai_reasoning_systems_evidence.json
edge:0081,ai:behavioral_safety,ai:execution_evaluation,requires_threat_specific_tests,平均任务得分不能排除特定触发分布中的不希望行为。,synthesis_inference,"[""arxiv:2401.05566""]",ai_reasoning_systems_evidence.json
edge:0082,ai:behavioral_safety,ai:reasoning_traces,limits_interpretability_claims,可见轨迹或轨迹蒸馏不能单独证明所有条件下的安全行为。,synthesis_inference,"[""arxiv:2401.05566"", ""arxiv:2201.11903""]",ai_reasoning_systems_evidence.json
edge:0083,ai:continual_adaptation,ai:behavioral_safety,requires_post_update_checks,模型更新后的准确率、校准和条件行为应分别复核，三者没有自动等价。,synthesis_inference,"[""arxiv:2604.23987"", ""arxiv:2401.05566""]",ai_reasoning_systems_evidence.json
edge:0084,num:wellposedness,num:consistency_stability,conceptual_dependency,先确定连续问题和范数，才能解释离散稳定与收敛。,synthesis_inference,"[""url:trefethen-pdetext""]",pde_numerics_evidence.json
edge:0085,num:finite_difference,num:consistency_stability,conceptual_dependency,差分截断误差需与稳定传播共同分析。,synthesis_inference,"[""url:trefethen-pdetext""]",pde_numerics_evidence.json
edge:0086,num:finite_volume,num:conservation_entropy,conceptual_dependency,共享数值通量带来守恒，熵条件另行约束弱解。,reviewed_source_summary,"[""url:leveque-am574-2011"", ""doi:10.1017/S0962492902000156""]",pde_numerics_evidence.json
edge:0087,num:finite_element,num:wellposedness,conceptual_dependency,Galerkin有限维限制仍需稳定性而非仅连续问题适定。,synthesis_inference,"[""arxiv:0906.4325""]",pde_numerics_evidence.json
edge:0088,num:finite_element,num:mixed_inf_sup,conceptual_dependency,混合离散要满足相容空间和网格一致的稳定条件。,reviewed_source_summary,"[""arxiv:0906.4325""]",pde_numerics_evidence.json
edge:0089,num:mixed_inf_sup,num:compatible_feec,conceptual_dependency,FEEC为一类混合问题提供保结构稳定离散的组织框架。,synthesis_inference,"[""arxiv:0906.4325""]",pde_numerics_evidence.json
edge:0090,num:compatible_feec,num:geometry_mesh,conceptual_dependency,几何映射和离散空间应配合微分结构。,synthesis_inference,"[""arxiv:0906.4325""]",pde_numerics_evidence.json
edge:0091,num:finite_volume,num:discontinuous_galerkin,conceptual_dependency,DG继承通量耦合思想并增加单元内高阶自由度。,synthesis_inference,"[""doi:10.1023/A:1012873910884""]",pde_numerics_evidence.json
edge:0092,num:finite_element,num:discontinuous_galerkin,conceptual_dependency,DG采用不连续有限元空间及面耦合。,reviewed_source_summary,"[""doi:10.1023/A:1012873910884""]",pde_numerics_evidence.json
edge:0093,num:spectral,num:time_integration,conceptual_dependency,空间离散的谱和边界会影响时间稳定限制。,synthesis_inference,"[""url:trefethen-pdetext""]",pde_numerics_evidence.json
edge:0094,num:time_integration,num:stiffness_imex,conceptual_dependency,空间/物理刚性推动隐式和分裂时间策略。,synthesis_inference,"[""doi:10.1016/S0168-9274(97)00056-1"", ""url:sundials-arkode-7.7""]",pde_numerics_evidence.json
edge:0095,num:stiffness_imex,num:newton,conceptual_dependency,隐式阶段转化为需控制误差的代数问题。,reviewed_source_summary,"[""url:sundials-arkode-7.7""]",pde_numerics_evidence.json
edge:0096,num:symplectic,num:time_integration,conceptual_dependency,结构保留是独立于局部误差阶的设计目标。,synthesis_inference,"[""doi:10.1007/978-3-319-05254-0_10""]",pde_numerics_evidence.json
edge:0097,num:newton,num:krylov,conceptual_dependency,Newton线性化可用Krylov内层求解。,reviewed_source_summary,"[""url:petsc-snes-manual""]",pde_numerics_evidence.json
edge:0098,num:krylov,num:preconditioning,conceptual_dependency,预条件决定有效问题，内存与通信决定实际成本。,synthesis_inference,"[""url:saad-iterative-2e""]",pde_numerics_evidence.json
edge:0099,num:preconditioning,num:multigrid,conceptual_dependency,多重网格可作为预条件器。,reviewed_source_summary,"[""arxiv:1611.01917""]",pde_numerics_evidence.json
edge:0100,num:domain_decomposition,num:preconditioning,conceptual_dependency,子域与界面求解形成预条件策略。,reviewed_source_summary,"[""url:saad-iterative-2e""]",pde_numerics_evidence.json
edge:0101,num:domain_decomposition,num:multigrid,conceptual_dependency,二者都可通过粗空间传递全局难消除分量。,synthesis_inference,"[""url:saad-iterative-2e"", ""arxiv:1611.01917""]",pde_numerics_evidence.json
edge:0102,num:geometry_mesh,num:amr,conceptual_dependency,局部细化需处理层间数据和通量一致性。,synthesis_inference,"[""arxiv:2403.12179""]",pde_numerics_evidence.json
edge:0103,num:aposteriori_dwr,num:amr,conceptual_dependency,目标加权误差驱动网格反馈。,reviewed_source_summary,"[""doi:10.1017/S0962492901000010""]",pde_numerics_evidence.json
edge:0104,num:aposteriori_dwr,num:inverse_adjoint,conceptual_dependency,伴随用于目标敏感度，也启发参数梯度计算；具体优化仍需其自身推导。,synthesis_inference,"[""doi:10.1017/S0962492901000010""]",pde_numerics_evidence.json
edge:0105,num:multiscale_ap,num:stiffness_imex,conceptual_dependency,快慢分裂可参与AP构造，但IMEX并不自动AP。,synthesis_inference,"[""arxiv:2112.05920"", ""url:sundials-arkode-7.7""]",pde_numerics_evidence.json
edge:0106,num:multiscale_ap,num:consistency_stability,conceptual_dependency,小参数极限后的数值方法仍需一致与稳定。,reviewed_source_summary,"[""arxiv:2112.05920""]",pde_numerics_evidence.json
edge:0107,num:inverse_adjoint,num:uq,conceptual_dependency,贝叶斯反问题把数据、先验和预测不确定性放入函数空间框架。,reviewed_source_summary,"[""doi:10.1017/S0962492910000061""]",pde_numerics_evidence.json
edge:0108,num:uq,num:amr,conceptual_dependency,多层离散可以服务跨分辨率耦合采样；不是所有AMR层级自动构成好MLMC耦合。,synthesis_inference,"[""doi:10.1017/S096249291500001X""]",pde_numerics_evidence.json
edge:0109,num:uq,num:multigrid,conceptual_dependency,多层Monte Carlo与多重网格共享层级思想，分别减少方差和代数误差。,synthesis_inference,"[""doi:10.1017/S096249291500001X"", ""arxiv:1611.01917""]",pde_numerics_evidence.json
edge:0110,num:rom,num:finite_element,conceptual_dependency,低维投影继承试验/检验空间思路，基选择可以来自数据。,synthesis_inference,"[""doi:10.1137/130932715""]",pde_numerics_evidence.json
edge:0111,num:rom,num:inverse_adjoint,conceptual_dependency,反复参数查询可由ROM摊销，但需控制投影和输出误差。,synthesis_inference,"[""doi:10.1137/130932715""]",pde_numerics_evidence.json
edge:0112,num:multigrid,num:matrix_free_hpc,conceptual_dependency,现代高阶求解联合设计算子与GPU平滑器。,reviewed_source_summary,"[""arxiv:2405.18982""]",pde_numerics_evidence.json
edge:0113,num:finite_element,num:matrix_free_hpc,conceptual_dependency,高阶张量收缩可映射FP64 tensor cores。,reviewed_source_summary,"[""arxiv:2603.09038""]",pde_numerics_evidence.json
edge:0114,num:amr,num:matrix_free_hpc,conceptual_dependency,细化收益受小块核启动、层间通信和负载影响。,synthesis_inference,"[""arxiv:2403.12179""]",pde_numerics_evidence.json
edge:0115,num:conservation_entropy,num:time_integration,conceptual_dependency,半离散物理结构要在完全离散时再次核验。,synthesis_inference,"[""doi:10.1017/S0962492902000156""]",pde_numerics_evidence.json
edge:0116,num:aposteriori_dwr,num:preconditioning,conceptual_dependency,代数容差应与离散和目标误差预算协调，而非盲目解至机器精度。,synthesis_inference,"[""url:saad-iterative-2e"", ""doi:10.1017/S0962492901000010""]",pde_numerics_evidence.json
edge:0117,bridge:structure_representation,bridge:solver_components,enables,结构兼容表示可作为学习粗空间和离散规则的候选接口。,synthesis_inference,"[""arxiv:1808.04930"", ""arxiv:1902.10248""]",bridge_evidence.json
edge:0118,bridge:solver_components,bridge:adaptive_compute,enables,组件需进入完整求解循环，才能评价同容差计算分配。,synthesis_inference,"[""arxiv:2507.15452""]",bridge_evidence.json
edge:0119,bridge:closed_loop,bridge:gradient_interface,requires,可微闭环需要检验梯度可用性与长时条件数。,synthesis_inference,"[""arxiv:2007.00016"", ""arxiv:2606.27895""]",bridge_evidence.json
edge:0120,bridge:data_error_budget,bridge:gradient_interface,tradeoff,内层求解精度与训练成本构成可测量权衡。,synthesis_inference,"[""arxiv:2502.19611""]",bridge_evidence.json
edge:0121,bridge:algorithm_discovery,bridge:solver_components,proposes,自动程序搜索可提出受限的求解组件；正确性仍依赖验证范围。,synthesis_inference,"[""arxiv:2506.13131"", ""arxiv:1808.04930""]",bridge_evidence.json
edge:0122,bridge:closed_loop,bridge:compositional_physics,constrains,组合模块必须在耦合闭环内测试，而非仅测离线分量误差。,synthesis_inference,"[""arxiv:2007.00016""]",bridge_evidence.json
edge:0123,bridge:gradient_interface,bridge:probabilistic_inverse,enables,梯度可作为部分逆问题推断/优化算法的接口；不意味着后验自动正确。,synthesis_inference,"[""arxiv:2606.27895""]",bridge_evidence.json
edge:0124,arxiv:2103.00020,ai:data_curation,reviewed_topic,本次阅读记录涉及该机制；不声称该文首创该概念。,reviewed_source_summary,"[""arxiv:2103.00020""]",evidence_catalog.json
edge:0125,arxiv:2212.04356,ai:data_curation,reviewed_topic,本次阅读记录涉及该机制；不声称该文首创该概念。,reviewed_source_summary,"[""arxiv:2212.04356""]",evidence_catalog.json
edge:0126,arxiv:2509.17765,ai:hardware_aware_systems,reviewed_topic,本次阅读记录涉及该机制；不声称该文首创该概念。,reviewed_source_summary,"[""arxiv:2509.17765""]",evidence_catalog.json
edge:0127,arxiv:2509.17765,ai:sparse_experts,reviewed_topic,本次阅读记录涉及该机制；不声称该文首创该概念。,reviewed_source_summary,"[""arxiv:2509.17765""]",evidence_catalog.json
edge:0128,arxiv:2604.15804,ai:compression_and_memory,reviewed_topic,本次阅读记录涉及该机制；不声称该文首创该概念。,reviewed_source_summary,"[""arxiv:2604.15804""]",evidence_catalog.json
edge:0129,arxiv:2604.15804,ai:hardware_aware_systems,reviewed_topic,本次阅读记录涉及该机制；不声称该文首创该概念。,reviewed_source_summary,"[""arxiv:2604.15804""]",evidence_catalog.json
edge:0130,arxiv:2604.15804,ai:sparse_experts,reviewed_topic,本次阅读记录涉及该机制；不声称该文首创该概念。,reviewed_source_summary,"[""arxiv:2604.15804""]",evidence_catalog.json
edge:0131,arxiv:2210.02747,ai:latent_generative_models,reviewed_topic,本次阅读记录涉及该机制；不声称该文首创该概念。,reviewed_source_summary,"[""arxiv:2210.02747""]",evidence_catalog.json
edge:0132,arxiv:2212.09748,ai:attention,reviewed_topic,本次阅读记录涉及该机制；不声称该文首创该概念。,reviewed_source_summary,"[""arxiv:2212.09748""]",evidence_catalog.json
edge:0133,arxiv:2212.09748,ai:compression_and_memory,reviewed_topic,本次阅读记录涉及该机制；不声称该文首创该概念。,reviewed_source_summary,"[""arxiv:2212.09748""]",evidence_catalog.json
edge:0134,arxiv:2312.00752,ai:hardware_aware_systems,reviewed_topic,本次阅读记录涉及该机制；不声称该文首创该概念。,reviewed_source_summary,"[""arxiv:2312.00752""]",evidence_catalog.json
edge:0135,arxiv:2405.21060,ai:hardware_aware_systems,reviewed_topic,本次阅读记录涉及该机制；不声称该文首创该概念。,reviewed_source_summary,"[""arxiv:2405.21060""]",evidence_catalog.json
edge:0136,arxiv:2412.19437,ai:attention,reviewed_topic,本次阅读记录涉及该机制；不声称该文首创该概念。,reviewed_source_summary,"[""arxiv:2412.19437""]",evidence_catalog.json
edge:0137,arxiv:2412.19437,ai:hardware_aware_systems,reviewed_topic,本次阅读记录涉及该机制；不声称该文首创该概念。,reviewed_source_summary,"[""arxiv:2412.19437""]",evidence_catalog.json
edge:0138,arxiv:2406.11794,ai:generalization_theory,reviewed_topic,本次阅读记录涉及该机制；不声称该文首创该概念。,reviewed_source_summary,"[""arxiv:2406.11794""]",evidence_catalog.json
edge:0139,url:qualitypajama-iclr2026,ai:generalization_theory,reviewed_topic,本次阅读记录涉及该机制；不声称该文首创该概念。,reviewed_source_summary,"[""url:qualitypajama-iclr2026""]",evidence_catalog.json
edge:0140,arxiv:2407.08608,ai:compression_and_memory,reviewed_topic,本次阅读记录涉及该机制；不声称该文首创该概念。,reviewed_source_summary,"[""arxiv:2407.08608""]",evidence_catalog.json
edge:0141,arxiv:2201.11903,ai:test_time_compute,reviewed_topic,本次阅读记录涉及该机制；不声称该文首创该概念。,reviewed_source_summary,"[""arxiv:2201.11903""]",evidence_catalog.json
edge:0142,arxiv:2305.20050,ai:process_verification,reviewed_topic,本次阅读记录涉及该机制；不声称该文首创该概念。,reviewed_source_summary,"[""arxiv:2305.20050""]",evidence_catalog.json
edge:0143,arxiv:2305.20050,ai:test_time_compute,reviewed_topic,本次阅读记录涉及该机制；不声称该文首创该概念。,reviewed_source_summary,"[""arxiv:2305.20050""]",evidence_catalog.json
edge:0144,arxiv:2408.03314,ai:process_verification,reviewed_topic,本次阅读记录涉及该机制；不声称该文首创该概念。,reviewed_source_summary,"[""arxiv:2408.03314""]",evidence_catalog.json
edge:0145,arxiv:2408.03314,ai:test_time_compute,reviewed_topic,本次阅读记录涉及该机制；不声称该文首创该概念。,reviewed_source_summary,"[""arxiv:2408.03314""]",evidence_catalog.json
edge:0146,arxiv:2501.12948,ai:reasoning_traces,reviewed_topic,本次阅读记录涉及该机制；不声称该文首创该概念。,reviewed_source_summary,"[""arxiv:2501.12948""]",evidence_catalog.json
edge:0147,arxiv:2504.13837,ai:execution_evaluation,reviewed_topic,本次阅读记录涉及该机制；不声称该文首创该概念。,reviewed_source_summary,"[""arxiv:2504.13837""]",evidence_catalog.json
edge:0148,arxiv:2504.13837,ai:verifiable_rl,reviewed_topic,本次阅读记录涉及该机制；不声称该文首创该概念。,reviewed_source_summary,"[""arxiv:2504.13837""]",evidence_catalog.json
edge:0149,arxiv:2605.10325,ai:tool_agents,reviewed_topic,本次阅读记录涉及该机制；不声称该文首创该概念。,reviewed_source_summary,"[""arxiv:2605.10325""]",evidence_catalog.json
edge:0150,arxiv:2605.10325,ai:verifiable_rl,reviewed_topic,本次阅读记录涉及该机制；不声称该文首创该概念。,reviewed_source_summary,"[""arxiv:2605.10325""]",evidence_catalog.json
edge:0151,arxiv:2606.09380,ai:preference_optimization,reviewed_topic,本次阅读记录涉及该机制；不声称该文首创该概念。,reviewed_source_summary,"[""arxiv:2606.09380""]",evidence_catalog.json
edge:0152,arxiv:2606.09380,ai:process_verification,reviewed_topic,本次阅读记录涉及该机制；不声称该文首创该概念。,reviewed_source_summary,"[""arxiv:2606.09380""]",evidence_catalog.json
edge:0153,arxiv:2606.09380,ai:verifiable_rl,reviewed_topic,本次阅读记录涉及该机制；不声称该文首创该概念。,reviewed_source_summary,"[""arxiv:2606.09380""]",evidence_catalog.json
edge:0154,arxiv:2210.03629,ai:reasoning_traces,reviewed_topic,本次阅读记录涉及该机制；不声称该文首创该概念。,reviewed_source_summary,"[""arxiv:2210.03629""]",evidence_catalog.json
edge:0155,arxiv:2210.03629,ai:tool_agents,reviewed_topic,本次阅读记录涉及该机制；不声称该文首创该概念。,reviewed_source_summary,"[""arxiv:2210.03629""]",evidence_catalog.json
edge:0156,arxiv:2310.06770,ai:execution_evaluation,reviewed_topic,本次阅读记录涉及该机制；不声称该文首创该概念。,reviewed_source_summary,"[""arxiv:2310.06770""]",evidence_catalog.json
edge:0157,arxiv:2310.06770,ai:tool_agents,reviewed_topic,本次阅读记录涉及该机制；不声称该文首创该概念。,reviewed_source_summary,"[""arxiv:2310.06770""]",evidence_catalog.json
edge:0158,arxiv:2404.07972,ai:execution_evaluation,reviewed_topic,本次阅读记录涉及该机制；不声称该文首创该概念。,reviewed_source_summary,"[""arxiv:2404.07972""]",evidence_catalog.json
edge:0159,arxiv:2404.07972,ai:tool_agents,reviewed_topic,本次阅读记录涉及该机制；不声称该文首创该概念。,reviewed_source_summary,"[""arxiv:2404.07972""]",evidence_catalog.json
edge:0160,arxiv:2301.04104,ai:embodied_policies,reviewed_topic,本次阅读记录涉及该机制；不声称该文首创该概念。,reviewed_source_summary,"[""arxiv:2301.04104""]",evidence_catalog.json
edge:0161,arxiv:2301.04104,ai:world_models,reviewed_topic,本次阅读记录涉及该机制；不声称该文首创该概念。,reviewed_source_summary,"[""arxiv:2301.04104""]",evidence_catalog.json
edge:0162,arxiv:2501.10100,ai:embodied_policies,reviewed_topic,本次阅读记录涉及该机制；不声称该文首创该概念。,reviewed_source_summary,"[""arxiv:2501.10100""]",evidence_catalog.json
edge:0163,arxiv:2501.10100,ai:world_models,reviewed_topic,本次阅读记录涉及该机制；不声称该文首创该概念。,reviewed_source_summary,"[""arxiv:2501.10100""]",evidence_catalog.json
edge:0164,arxiv:2504.16054,ai:embodied_policies,reviewed_topic,本次阅读记录涉及该机制；不声称该文首创该概念。,reviewed_source_summary,"[""arxiv:2504.16054""]",evidence_catalog.json
edge:0165,arxiv:2504.16054,ai:reasoning_traces,reviewed_topic,本次阅读记录涉及该机制；不声称该文首创该概念。,reviewed_source_summary,"[""arxiv:2504.16054""]",evidence_catalog.json
edge:0166,arxiv:2102.11107,ai:causal_representation,reviewed_topic,本次阅读记录涉及该机制；不声称该文首创该概念。,reviewed_source_summary,"[""arxiv:2102.11107""]",evidence_catalog.json
edge:0167,arxiv:2102.11107,ai:world_models,reviewed_topic,本次阅读记录涉及该机制；不声称该文首创该概念。,reviewed_source_summary,"[""arxiv:2102.11107""]",evidence_catalog.json
edge:0168,arxiv:2107.07511,ai:calibrated_uncertainty,reviewed_topic,本次阅读记录涉及该机制；不声称该文首创该概念。,reviewed_source_summary,"[""arxiv:2107.07511""]",evidence_catalog.json
edge:0169,arxiv:2604.23987,ai:calibrated_uncertainty,reviewed_topic,本次阅读记录涉及该机制；不声称该文首创该概念。,reviewed_source_summary,"[""arxiv:2604.23987""]",evidence_catalog.json
edge:0170,arxiv:2401.05566,ai:behavioral_safety,reviewed_topic,本次阅读记录涉及该机制；不声称该文首创该概念。,reviewed_source_summary,"[""arxiv:2401.05566""]",evidence_catalog.json
edge:0171,arxiv:2401.05566,ai:execution_evaluation,reviewed_topic,本次阅读记录涉及该机制；不声称该文首创该概念。,reviewed_source_summary,"[""arxiv:2401.05566""]",evidence_catalog.json
edge:0172,url:trefethen-pdetext,num:consistency_stability,reviewed_topic,本次阅读记录涉及该机制；不声称该文首创该概念。,reviewed_source_summary,"[""url:trefethen-pdetext""]",evidence_catalog.json
edge:0173,url:trefethen-pdetext,num:finite_difference,reviewed_topic,本次阅读记录涉及该机制；不声称该文首创该概念。,reviewed_source_summary,"[""url:trefethen-pdetext""]",evidence_catalog.json
edge:0174,url:trefethen-pdetext,num:spectral,reviewed_topic,本次阅读记录涉及该机制；不声称该文首创该概念。,reviewed_source_summary,"[""url:trefethen-pdetext""]",evidence_catalog.json
edge:0175,url:trefethen-pdetext,num:time_integration,reviewed_topic,本次阅读记录涉及该机制；不声称该文首创该概念。,reviewed_source_summary,"[""url:trefethen-pdetext""]",evidence_catalog.json
edge:0176,url:trefethen-pdetext,num:wellposedness,reviewed_topic,本次阅读记录涉及该机制；不声称该文首创该概念。,reviewed_source_summary,"[""url:trefethen-pdetext""]",evidence_catalog.json
edge:0177,url:leveque-am574-2011,num:conservation_entropy,reviewed_topic,本次阅读记录涉及该机制；不声称该文首创该概念。,reviewed_source_summary,"[""url:leveque-am574-2011""]",evidence_catalog.json
edge:0178,url:leveque-am574-2011,num:consistency_stability,reviewed_topic,本次阅读记录涉及该机制；不声称该文首创该概念。,reviewed_source_summary,"[""url:leveque-am574-2011""]",evidence_catalog.json
edge:0179,url:leveque-am574-2011,num:finite_volume,reviewed_topic,本次阅读记录涉及该机制；不声称该文首创该概念。,reviewed_source_summary,"[""url:leveque-am574-2011""]",evidence_catalog.json
edge:0180,doi:10.1023/A:1012873910884,num:discontinuous_galerkin,reviewed_topic,本次阅读记录涉及该机制；不声称该文首创该概念。,reviewed_source_summary,"[""doi:10.1023/A:1012873910884""]",evidence_catalog.json
edge:0181,doi:10.1023/A:1012873910884,num:finite_element,reviewed_topic,本次阅读记录涉及该机制；不声称该文首创该概念。,reviewed_source_summary,"[""doi:10.1023/A:1012873910884""]",evidence_catalog.json
edge:0182,doi:10.1023/A:1012873910884,num:finite_volume,reviewed_topic,本次阅读记录涉及该机制；不声称该文首创该概念。,reviewed_source_summary,"[""doi:10.1023/A:1012873910884""]",evidence_catalog.json
edge:0183,doi:10.1023/A:1012873910884,num:time_integration,reviewed_topic,本次阅读记录涉及该机制；不声称该文首创该概念。,reviewed_source_summary,"[""doi:10.1023/A:1012873910884""]",evidence_catalog.json
edge:0184,arxiv:0906.4325,num:compatible_feec,reviewed_topic,本次阅读记录涉及该机制；不声称该文首创该概念。,reviewed_source_summary,"[""arxiv:0906.4325""]",evidence_catalog.json
edge:0185,arxiv:0906.4325,num:finite_element,reviewed_topic,本次阅读记录涉及该机制；不声称该文首创该概念。,reviewed_source_summary,"[""arxiv:0906.4325""]",evidence_catalog.json
edge:0186,arxiv:0906.4325,num:geometry_mesh,reviewed_topic,本次阅读记录涉及该机制；不声称该文首创该概念。,reviewed_source_summary,"[""arxiv:0906.4325""]",evidence_catalog.json
edge:0187,arxiv:0906.4325,num:mixed_inf_sup,reviewed_topic,本次阅读记录涉及该机制；不声称该文首创该概念。,reviewed_source_summary,"[""arxiv:0906.4325""]",evidence_catalog.json
edge:0188,arxiv:0906.4325,num:wellposedness,reviewed_topic,本次阅读记录涉及该机制；不声称该文首创该概念。,reviewed_source_summary,"[""arxiv:0906.4325""]",evidence_catalog.json
edge:0189,doi:10.1016/S0168-9274(97)00056-1,num:stiffness_imex,reviewed_topic,本次阅读记录涉及该机制；不声称该文首创该概念。,reviewed_source_summary,"[""doi:10.1016/S0168-9274(97)00056-1""]",evidence_catalog.json
edge:0190,doi:10.1016/S0168-9274(97)00056-1,num:time_integration,reviewed_topic,本次阅读记录涉及该机制；不声称该文首创该概念。,reviewed_source_summary,"[""doi:10.1016/S0168-9274(97)00056-1""]",evidence_catalog.json
edge:0191,doi:10.1007/978-3-319-05254-0_10,num:stiffness_imex,reviewed_topic,本次阅读记录涉及该机制；不声称该文首创该概念。,reviewed_source_summary,"[""doi:10.1007/978-3-319-05254-0_10""]",evidence_catalog.json
edge:0192,doi:10.1007/978-3-319-05254-0_10,num:symplectic,reviewed_topic,本次阅读记录涉及该机制；不声称该文首创该概念。,reviewed_source_summary,"[""doi:10.1007/978-3-319-05254-0_10""]",evidence_catalog.json
edge:0193,doi:10.1007/978-3-319-05254-0_10,num:time_integration,reviewed_topic,本次阅读记录涉及该机制；不声称该文首创该概念。,reviewed_source_summary,"[""doi:10.1007/978-3-319-05254-0_10""]",evidence_catalog.json
edge:0194,url:saad-iterative-2e,num:domain_decomposition,reviewed_topic,本次阅读记录涉及该机制；不声称该文首创该概念。,reviewed_source_summary,"[""url:saad-iterative-2e""]",evidence_catalog.json
edge:0195,url:saad-iterative-2e,num:krylov,reviewed_topic,本次阅读记录涉及该机制；不声称该文首创该概念。,reviewed_source_summary,"[""url:saad-iterative-2e""]",evidence_catalog.json
edge:0196,url:saad-iterative-2e,num:preconditioning,reviewed_topic,本次阅读记录涉及该机制；不声称该文首创该概念。,reviewed_source_summary,"[""url:saad-iterative-2e""]",evidence_catalog.json
edge:0197,arxiv:1611.01917,num:domain_decomposition,reviewed_topic,本次阅读记录涉及该机制；不声称该文首创该概念。,reviewed_source_summary,"[""arxiv:1611.01917""]",evidence_catalog.json
edge:0198,arxiv:1611.01917,num:geometry_mesh,reviewed_topic,本次阅读记录涉及该机制；不声称该文首创该概念。,reviewed_source_summary,"[""arxiv:1611.01917""]",evidence_catalog.json
edge:0199,arxiv:1611.01917,num:multigrid,reviewed_topic,本次阅读记录涉及该机制；不声称该文首创该概念。,reviewed_source_summary,"[""arxiv:1611.01917""]",evidence_catalog.json
edge:0200,arxiv:1611.01917,num:preconditioning,reviewed_topic,本次阅读记录涉及该机制；不声称该文首创该概念。,reviewed_source_summary,"[""arxiv:1611.01917""]",evidence_catalog.json
edge:0201,doi:10.1017/S0962492902000156,num:conservation_entropy,reviewed_topic,本次阅读记录涉及该机制；不声称该文首创该概念。,reviewed_source_summary,"[""doi:10.1017/S0962492902000156""]",evidence_catalog.json
edge:0202,doi:10.1017/S0962492902000156,num:discontinuous_galerkin,reviewed_topic,本次阅读记录涉及该机制；不声称该文首创该概念。,reviewed_source_summary,"[""doi:10.1017/S0962492902000156""]",evidence_catalog.json
edge:0203,doi:10.1017/S0962492902000156,num:finite_volume,reviewed_topic,本次阅读记录涉及该机制；不声称该文首创该概念。,reviewed_source_summary,"[""doi:10.1017/S0962492902000156""]",evidence_catalog.json
edge:0204,doi:10.1017/S0962492901000010,num:amr,reviewed_topic,本次阅读记录涉及该机制；不声称该文首创该概念。,reviewed_source_summary,"[""doi:10.1017/S0962492901000010""]",evidence_catalog.json
edge:0205,doi:10.1017/S0962492901000010,num:aposteriori_dwr,reviewed_topic,本次阅读记录涉及该机制；不声称该文首创该概念。,reviewed_source_summary,"[""doi:10.1017/S0962492901000010""]",evidence_catalog.json
edge:0206,doi:10.1017/S0962492901000010,num:inverse_adjoint,reviewed_topic,本次阅读记录涉及该机制；不声称该文首创该概念。,reviewed_source_summary,"[""doi:10.1017/S0962492901000010""]",evidence_catalog.json
edge:0207,arxiv:2112.05920,num:consistency_stability,reviewed_topic,本次阅读记录涉及该机制；不声称该文首创该概念。,reviewed_source_summary,"[""arxiv:2112.05920""]",evidence_catalog.json
edge:0208,arxiv:2112.05920,num:multiscale_ap,reviewed_topic,本次阅读记录涉及该机制；不声称该文首创该概念。,reviewed_source_summary,"[""arxiv:2112.05920""]",evidence_catalog.json
edge:0209,arxiv:2112.05920,num:stiffness_imex,reviewed_topic,本次阅读记录涉及该机制；不声称该文首创该概念。,reviewed_source_summary,"[""arxiv:2112.05920""]",evidence_catalog.json
edge:0210,doi:10.1017/S0962492910000061,num:inverse_adjoint,reviewed_topic,本次阅读记录涉及该机制；不声称该文首创该概念。,reviewed_source_summary,"[""doi:10.1017/S0962492910000061""]",evidence_catalog.json
edge:0211,doi:10.1017/S0962492910000061,num:uq,reviewed_topic,本次阅读记录涉及该机制；不声称该文首创该概念。,reviewed_source_summary,"[""doi:10.1017/S0962492910000061""]",evidence_catalog.json
edge:0212,doi:10.1017/S0962492910000061,num:wellposedness,reviewed_topic,本次阅读记录涉及该机制；不声称该文首创该概念。,reviewed_source_summary,"[""doi:10.1017/S0962492910000061""]",evidence_catalog.json
edge:0213,doi:10.1137/130932715,num:finite_element,reviewed_topic,本次阅读记录涉及该机制；不声称该文首创该概念。,reviewed_source_summary,"[""doi:10.1137/130932715""]",evidence_catalog.json
edge:0214,doi:10.1137/130932715,num:inverse_adjoint,reviewed_topic,本次阅读记录涉及该机制；不声称该文首创该概念。,reviewed_source_summary,"[""doi:10.1137/130932715""]",evidence_catalog.json
edge:0215,doi:10.1137/130932715,num:rom,reviewed_topic,本次阅读记录涉及该机制；不声称该文首创该概念。,reviewed_source_summary,"[""doi:10.1137/130932715""]",evidence_catalog.json
edge:0216,doi:10.1017/S096249291500001X,num:amr,reviewed_topic,本次阅读记录涉及该机制；不声称该文首创该概念。,reviewed_source_summary,"[""doi:10.1017/S096249291500001X""]",evidence_catalog.json
edge:0217,doi:10.1017/S096249291500001X,num:multigrid,reviewed_topic,本次阅读记录涉及该机制；不声称该文首创该概念。,reviewed_source_summary,"[""doi:10.1017/S096249291500001X""]",evidence_catalog.json
edge:0218,doi:10.1017/S096249291500001X,num:uq,reviewed_topic,本次阅读记录涉及该机制；不声称该文首创该概念。,reviewed_source_summary,"[""doi:10.1017/S096249291500001X""]",evidence_catalog.json
edge:0219,arxiv:2403.12179,num:amr,reviewed_topic,本次阅读记录涉及该机制；不声称该文首创该概念。,reviewed_source_summary,"[""arxiv:2403.12179""]",evidence_catalog.json
edge:0220,arxiv:2403.12179,num:geometry_mesh,reviewed_topic,本次阅读记录涉及该机制；不声称该文首创该概念。,reviewed_source_summary,"[""arxiv:2403.12179""]",evidence_catalog.json
edge:0221,arxiv:2403.12179,num:matrix_free_hpc,reviewed_topic,本次阅读记录涉及该机制；不声称该文首创该概念。,reviewed_source_summary,"[""arxiv:2403.12179""]",evidence_catalog.json
edge:0222,arxiv:2405.18982,num:discontinuous_galerkin,reviewed_topic,本次阅读记录涉及该机制；不声称该文首创该概念。,reviewed_source_summary,"[""arxiv:2405.18982""]",evidence_catalog.json
edge:0223,arxiv:2405.18982,num:matrix_free_hpc,reviewed_topic,本次阅读记录涉及该机制；不声称该文首创该概念。,reviewed_source_summary,"[""arxiv:2405.18982""]",evidence_catalog.json
edge:0224,arxiv:2405.18982,num:multigrid,reviewed_topic,本次阅读记录涉及该机制；不声称该文首创该概念。,reviewed_source_summary,"[""arxiv:2405.18982""]",evidence_catalog.json
edge:0225,arxiv:2405.18982,num:preconditioning,reviewed_topic,本次阅读记录涉及该机制；不声称该文首创该概念。,reviewed_source_summary,"[""arxiv:2405.18982""]",evidence_catalog.json
edge:0226,arxiv:2603.09038,num:finite_element,reviewed_topic,本次阅读记录涉及该机制；不声称该文首创该概念。,reviewed_source_summary,"[""arxiv:2603.09038""]",evidence_catalog.json
edge:0227,arxiv:2603.09038,num:inverse_adjoint,reviewed_topic,本次阅读记录涉及该机制；不声称该文首创该概念。,reviewed_source_summary,"[""arxiv:2603.09038""]",evidence_catalog.json
edge:0228,arxiv:2603.09038,num:matrix_free_hpc,reviewed_topic,本次阅读记录涉及该机制；不声称该文首创该概念。,reviewed_source_summary,"[""arxiv:2603.09038""]",evidence_catalog.json
edge:0229,url:petsc-snes-manual,num:krylov,reviewed_topic,本次阅读记录涉及该机制；不声称该文首创该概念。,reviewed_source_summary,"[""url:petsc-snes-manual""]",evidence_catalog.json
edge:0230,url:petsc-snes-manual,num:newton,reviewed_topic,本次阅读记录涉及该机制；不声称该文首创该概念。,reviewed_source_summary,"[""url:petsc-snes-manual""]",evidence_catalog.json
edge:0231,url:petsc-snes-manual,num:preconditioning,reviewed_topic,本次阅读记录涉及该机制；不声称该文首创该概念。,reviewed_source_summary,"[""url:petsc-snes-manual""]",evidence_catalog.json
edge:0232,url:sundials-arkode-7.7,num:newton,reviewed_topic,本次阅读记录涉及该机制；不声称该文首创该概念。,reviewed_source_summary,"[""url:sundials-arkode-7.7""]",evidence_catalog.json
edge:0233,url:sundials-arkode-7.7,num:stiffness_imex,reviewed_topic,本次阅读记录涉及该机制；不声称该文首创该概念。,reviewed_source_summary,"[""url:sundials-arkode-7.7""]",evidence_catalog.json
edge:0234,url:sundials-arkode-7.7,num:symplectic,reviewed_topic,本次阅读记录涉及该机制；不声称该文首创该概念。,reviewed_source_summary,"[""url:sundials-arkode-7.7""]",evidence_catalog.json
edge:0235,url:sundials-arkode-7.7,num:time_integration,reviewed_topic,本次阅读记录涉及该机制；不声称该文首创该概念。,reviewed_source_summary,"[""url:sundials-arkode-7.7""]",evidence_catalog.json
edge:0236,arxiv:2506.13131,bridge:algorithm_discovery,reviewed_topic,本次阅读记录涉及该机制；不声称该文首创该概念。,reviewed_source_summary,"[""arxiv:2506.13131""]",evidence_catalog.json
edge:0237,doi:10.1038/s41586-023-06747-5,bridge:algorithm_discovery,reviewed_topic,本次阅读记录涉及该机制；不声称该文首创该概念。,reviewed_source_summary,"[""doi:10.1038/s41586-023-06747-5""]",evidence_catalog.json
edge:0238,arxiv:1902.10248,bridge:solver_components,reviewed_topic,本次阅读记录涉及该机制；不声称该文首创该概念。,reviewed_source_summary,"[""arxiv:1902.10248""]",evidence_catalog.json
edge:0239,arxiv:1808.04930,bridge:solver_components,reviewed_topic,本次阅读记录涉及该机制；不声称该文首创该概念。,reviewed_source_summary,"[""arxiv:1808.04930""]",evidence_catalog.json
edge:0240,arxiv:1808.04930,bridge:structure_representation,reviewed_topic,本次阅读记录涉及该机制；不声称该文首创该概念。,reviewed_source_summary,"[""arxiv:1808.04930""]",evidence_catalog.json
edge:0241,arxiv:2007.00016,bridge:closed_loop,reviewed_topic,本次阅读记录涉及该机制；不声称该文首创该概念。,reviewed_source_summary,"[""arxiv:2007.00016""]",evidence_catalog.json
edge:0242,arxiv:2507.15452,bridge:adaptive_compute,reviewed_topic,本次阅读记录涉及该机制；不声称该文首创该概念。,reviewed_source_summary,"[""arxiv:2507.15452""]",evidence_catalog.json
edge:0243,arxiv:2507.15452,bridge:solver_components,reviewed_topic,本次阅读记录涉及该机制；不声称该文首创该概念。,reviewed_source_summary,"[""arxiv:2507.15452""]",evidence_catalog.json
edge:0244,arxiv:2502.19611,bridge:data_error_budget,reviewed_topic,本次阅读记录涉及该机制；不声称该文首创该概念。,reviewed_source_summary,"[""arxiv:2502.19611""]",evidence_catalog.json
edge:0245,arxiv:2502.19611,bridge:gradient_interface,reviewed_topic,本次阅读记录涉及该机制；不声称该文首创该概念。,reviewed_source_summary,"[""arxiv:2502.19611""]",evidence_catalog.json
edge:0246,arxiv:2606.27895,bridge:gradient_interface,reviewed_topic,本次阅读记录涉及该机制；不声称该文首创该概念。,reviewed_source_summary,"[""arxiv:2606.27895""]",evidence_catalog.json
edge:0247,url:aima-contents,ai:probabilistic_inference,reviewed_topic,本次阅读记录涉及该机制；不声称该文首创该概念。,reviewed_source_summary,"[""url:aima-contents""]",evidence_catalog.json
edge:0248,url:aima-contents,ai:statistical_learning,reviewed_topic,本次阅读记录涉及该机制；不声称该文首创该概念。,reviewed_source_summary,"[""url:aima-contents""]",evidence_catalog.json
edge:0249,url:aima-contents,ai:symbolic_search_planning,reviewed_topic,本次阅读记录涉及该机制；不声称该文首创该概念。,reviewed_source_summary,"[""url:aima-contents""]",evidence_catalog.json
edge:0250,ai:test_time_compute,bridge:adaptive_compute,cross_domain_analogy,将此机制与“误差驱动的计算分配”连接是综述提出的研究类比；成立条件见跨域专题。,synthesis_inference,"[""arxiv:2201.11903"", ""arxiv:2305.20050"", ""arxiv:2408.03314"", ""arxiv:2507.15452"", ""arxiv:2605.10325"", ""arxiv:2606.09380"", ""doi:10.1017/S0962492901000010"", ""url:petsc-snes-manual"", ""url:saad-iterative-2e""]",cross_domain.md#X1
edge:0251,ai:process_verification,bridge:adaptive_compute,cross_domain_analogy,将此机制与“误差驱动的计算分配”连接是综述提出的研究类比；成立条件见跨域专题。,synthesis_inference,"[""arxiv:2201.11903"", ""arxiv:2305.20050"", ""arxiv:2408.03314"", ""arxiv:2507.15452"", ""arxiv:2605.10325"", ""arxiv:2606.09380"", ""doi:10.1017/S0962492901000010"", ""url:petsc-snes-manual"", ""url:saad-iterative-2e""]",cross_domain.md#X1
edge:0252,num:aposteriori_dwr,bridge:adaptive_compute,cross_domain_analogy,将此机制与“误差驱动的计算分配”连接是综述提出的研究类比；成立条件见跨域专题。,synthesis_inference,"[""arxiv:2201.11903"", ""arxiv:2305.20050"", ""arxiv:2408.03314"", ""arxiv:2507.15452"", ""arxiv:2605.10325"", ""arxiv:2606.09380"", ""doi:10.1017/S0962492901000010"", ""url:petsc-snes-manual"", ""url:saad-iterative-2e""]",cross_domain.md#X1
edge:0253,num:krylov,bridge:adaptive_compute,cross_domain_analogy,将此机制与“误差驱动的计算分配”连接是综述提出的研究类比；成立条件见跨域专题。,synthesis_inference,"[""arxiv:2201.11903"", ""arxiv:2305.20050"", ""arxiv:2408.03314"", ""arxiv:2507.15452"", ""arxiv:2605.10325"", ""arxiv:2606.09380"", ""doi:10.1017/S0962492901000010"", ""url:petsc-snes-manual"", ""url:saad-iterative-2e""]",cross_domain.md#X1
edge:0254,bridge:adaptive_compute,hypothesis:X1,motivates_hypothesis,同容差下，自适应修正能否降低总成本与失败尾部？,synthesis_inference,"[""arxiv:2201.11903"", ""arxiv:2305.20050"", ""arxiv:2408.03314"", ""arxiv:2507.15452"", ""arxiv:2605.10325"", ""arxiv:2606.09380"", ""doi:10.1017/S0962492901000010"", ""url:petsc-snes-manual"", ""url:saad-iterative-2e""]",cross_domain.md#X1
edge:0255,ai:self_supervised_representation,bridge:structure_representation,cross_domain_analogy,将此机制与“保留物理结构的表示”连接是综述提出的研究类比；成立条件见跨域专题。,synthesis_inference,"[""arxiv:0906.4325"", ""arxiv:1611.01917"", ""arxiv:1706.03762"", ""arxiv:1808.04930"", ""arxiv:2103.00020"", ""arxiv:2111.06377"", ""arxiv:2212.04356"", ""arxiv:2403.12179"", ""arxiv:2508.10104"", ""arxiv:2509.17765"", ""arxiv:2604.15804""]",cross_domain.md#X2
edge:0256,ai:multimodal_alignment,bridge:structure_representation,cross_domain_analogy,将此机制与“保留物理结构的表示”连接是综述提出的研究类比；成立条件见跨域专题。,synthesis_inference,"[""arxiv:0906.4325"", ""arxiv:1611.01917"", ""arxiv:1706.03762"", ""arxiv:1808.04930"", ""arxiv:2103.00020"", ""arxiv:2111.06377"", ""arxiv:2212.04356"", ""arxiv:2403.12179"", ""arxiv:2508.10104"", ""arxiv:2509.17765"", ""arxiv:2604.15804""]",cross_domain.md#X2
edge:0257,num:compatible_feec,bridge:structure_representation,cross_domain_analogy,将此机制与“保留物理结构的表示”连接是综述提出的研究类比；成立条件见跨域专题。,synthesis_inference,"[""arxiv:0906.4325"", ""arxiv:1611.01917"", ""arxiv:1706.03762"", ""arxiv:1808.04930"", ""arxiv:2103.00020"", ""arxiv:2111.06377"", ""arxiv:2212.04356"", ""arxiv:2403.12179"", ""arxiv:2508.10104"", ""arxiv:2509.17765"", ""arxiv:2604.15804""]",cross_domain.md#X2
edge:0258,num:geometry_mesh,bridge:structure_representation,cross_domain_analogy,将此机制与“保留物理结构的表示”连接是综述提出的研究类比；成立条件见跨域专题。,synthesis_inference,"[""arxiv:0906.4325"", ""arxiv:1611.01917"", ""arxiv:1706.03762"", ""arxiv:1808.04930"", ""arxiv:2103.00020"", ""arxiv:2111.06377"", ""arxiv:2212.04356"", ""arxiv:2403.12179"", ""arxiv:2508.10104"", ""arxiv:2509.17765"", ""arxiv:2604.15804""]",cross_domain.md#X2
edge:0259,bridge:structure_representation,hypothesis:X2,motivates_hypothesis,跨采样一致性能否在新网格上保留物理量与动力学？,synthesis_inference,"[""arxiv:0906.4325"", ""arxiv:1611.01917"", ""arxiv:1706.03762"", ""arxiv:1808.04930"", ""arxiv:2103.00020"", ""arxiv:2111.06377"", ""arxiv:2212.04356"", ""arxiv:2403.12179"", ""arxiv:2508.10104"", ""arxiv:2509.17765"", ""arxiv:2604.15804""]",cross_domain.md#X2
edge:0260,ai:scaling_laws,bridge:solver_components,cross_domain_analogy,将此机制与“求解器内部的共享预训练”连接是综述提出的研究类比；成立条件见跨域专题。,synthesis_inference,"[""arxiv:1611.01917"", ""arxiv:1808.04930"", ""arxiv:1812.11118"", ""arxiv:1902.10248"", ""arxiv:2203.15556"", ""arxiv:2312.00752"", ""arxiv:2405.18982"", ""arxiv:2405.21060"", ""arxiv:2406.11794"", ""arxiv:2507.15452"", ""doi:10.1017/S096249291500001X"", ""url:petsc-snes-manual"", ""url:qualitypajama-iclr2026"", ""url:saad-iterative-2e""]",cross_domain.md#X3
edge:0261,ai:selective_state_space,bridge:solver_components,cross_domain_analogy,将此机制与“求解器内部的共享预训练”连接是综述提出的研究类比；成立条件见跨域专题。,synthesis_inference,"[""arxiv:1611.01917"", ""arxiv:1808.04930"", ""arxiv:1812.11118"", ""arxiv:1902.10248"", ""arxiv:2203.15556"", ""arxiv:2312.00752"", ""arxiv:2405.18982"", ""arxiv:2405.21060"", ""arxiv:2406.11794"", ""arxiv:2507.15452"", ""doi:10.1017/S096249291500001X"", ""url:petsc-snes-manual"", ""url:qualitypajama-iclr2026"", ""url:saad-iterative-2e""]",cross_domain.md#X3
edge:0262,num:preconditioning,bridge:solver_components,cross_domain_analogy,将此机制与“求解器内部的共享预训练”连接是综述提出的研究类比；成立条件见跨域专题。,synthesis_inference,"[""arxiv:1611.01917"", ""arxiv:1808.04930"", ""arxiv:1812.11118"", ""arxiv:1902.10248"", ""arxiv:2203.15556"", ""arxiv:2312.00752"", ""arxiv:2405.18982"", ""arxiv:2405.21060"", ""arxiv:2406.11794"", ""arxiv:2507.15452"", ""doi:10.1017/S096249291500001X"", ""url:petsc-snes-manual"", ""url:qualitypajama-iclr2026"", ""url:saad-iterative-2e""]",cross_domain.md#X3
edge:0263,num:multigrid,bridge:solver_components,cross_domain_analogy,将此机制与“求解器内部的共享预训练”连接是综述提出的研究类比；成立条件见跨域专题。,synthesis_inference,"[""arxiv:1611.01917"", ""arxiv:1808.04930"", ""arxiv:1812.11118"", ""arxiv:1902.10248"", ""arxiv:2203.15556"", ""arxiv:2312.00752"", ""arxiv:2405.18982"", ""arxiv:2405.21060"", ""arxiv:2406.11794"", ""arxiv:2507.15452"", ""doi:10.1017/S096249291500001X"", ""url:petsc-snes-manual"", ""url:qualitypajama-iclr2026"", ""url:saad-iterative-2e""]",cross_domain.md#X3
edge:0264,bridge:solver_components,hypothesis:X3,motivates_hypothesis,不同任务能否复用难消除误差模式与粗空间？,synthesis_inference,"[""arxiv:1611.01917"", ""arxiv:1808.04930"", ""arxiv:1812.11118"", ""arxiv:1902.10248"", ""arxiv:2203.15556"", ""arxiv:2312.00752"", ""arxiv:2405.18982"", ""arxiv:2405.21060"", ""arxiv:2406.11794"", ""arxiv:2507.15452"", ""doi:10.1017/S096249291500001X"", ""url:petsc-snes-manual"", ""url:qualitypajama-iclr2026"", ""url:saad-iterative-2e""]",cross_domain.md#X3
edge:0265,ai:world_models,bridge:closed_loop,cross_domain_analogy,将此机制与“适应自身误差的闭环”连接是综述提出的研究类比；成立条件见跨域专题。,synthesis_inference,"[""arxiv:2007.00016"", ""arxiv:2102.11107"", ""arxiv:2301.04104"", ""arxiv:2501.10100"", ""arxiv:2504.16054"", ""doi:10.1007/978-3-319-05254-0_10"", ""doi:10.1016/S0168-9274(97)00056-1"", ""doi:10.1017/S0962492902000156"", ""doi:10.1023/A:1012873910884"", ""url:leveque-am574-2011"", ""url:sundials-arkode-7.7"", ""url:trefethen-pdetext""]",cross_domain.md#X4
edge:0266,ai:embodied_policies,bridge:closed_loop,cross_domain_analogy,将此机制与“适应自身误差的闭环”连接是综述提出的研究类比；成立条件见跨域专题。,synthesis_inference,"[""arxiv:2007.00016"", ""arxiv:2102.11107"", ""arxiv:2301.04104"", ""arxiv:2501.10100"", ""arxiv:2504.16054"", ""doi:10.1007/978-3-319-05254-0_10"", ""doi:10.1016/S0168-9274(97)00056-1"", ""doi:10.1017/S0962492902000156"", ""doi:10.1023/A:1012873910884"", ""url:leveque-am574-2011"", ""url:sundials-arkode-7.7"", ""url:trefethen-pdetext""]",cross_domain.md#X4
edge:0267,num:time_integration,bridge:closed_loop,cross_domain_analogy,将此机制与“适应自身误差的闭环”连接是综述提出的研究类比；成立条件见跨域专题。,synthesis_inference,"[""arxiv:2007.00016"", ""arxiv:2102.11107"", ""arxiv:2301.04104"", ""arxiv:2501.10100"", ""arxiv:2504.16054"", ""doi:10.1007/978-3-319-05254-0_10"", ""doi:10.1016/S0168-9274(97)00056-1"", ""doi:10.1017/S0962492902000156"", ""doi:10.1023/A:1012873910884"", ""url:leveque-am574-2011"", ""url:sundials-arkode-7.7"", ""url:trefethen-pdetext""]",cross_domain.md#X4
edge:0268,num:conservation_entropy,bridge:closed_loop,cross_domain_analogy,将此机制与“适应自身误差的闭环”连接是综述提出的研究类比；成立条件见跨域专题。,synthesis_inference,"[""arxiv:2007.00016"", ""arxiv:2102.11107"", ""arxiv:2301.04104"", ""arxiv:2501.10100"", ""arxiv:2504.16054"", ""doi:10.1007/978-3-319-05254-0_10"", ""doi:10.1016/S0168-9274(97)00056-1"", ""doi:10.1017/S0962492902000156"", ""doi:10.1023/A:1012873910884"", ""url:leveque-am574-2011"", ""url:sundials-arkode-7.7"", ""url:trefethen-pdetext""]",cross_domain.md#X4
edge:0269,bridge:closed_loop,hypothesis:X4,motivates_hypothesis,交互训练能否降低部署时的分布漂移？,synthesis_inference,"[""arxiv:2007.00016"", ""arxiv:2102.11107"", ""arxiv:2301.04104"", ""arxiv:2501.10100"", ""arxiv:2504.16054"", ""doi:10.1007/978-3-319-05254-0_10"", ""doi:10.1016/S0168-9274(97)00056-1"", ""doi:10.1017/S0962492902000156"", ""doi:10.1023/A:1012873910884"", ""url:leveque-am574-2011"", ""url:sundials-arkode-7.7"", ""url:trefethen-pdetext""]",cross_domain.md#X4
edge:0270,ai:sparse_experts,bridge:compositional_physics,cross_domain_analogy,将此机制与“按物理机制组合专家”连接是综述提出的研究类比；成立条件见跨域专题。,synthesis_inference,"[""arxiv:1611.01917"", ""arxiv:2102.11107"", ""arxiv:2112.05920"", ""arxiv:2412.19437"", ""arxiv:2509.17765"", ""arxiv:2604.15804"", ""doi:10.1007/978-3-319-05254-0_10"", ""doi:10.1016/S0168-9274(97)00056-1"", ""url:saad-iterative-2e"", ""url:sundials-arkode-7.7""]",cross_domain.md#X5
edge:0271,ai:causal_representation,bridge:compositional_physics,cross_domain_analogy,将此机制与“按物理机制组合专家”连接是综述提出的研究类比；成立条件见跨域专题。,synthesis_inference,"[""arxiv:1611.01917"", ""arxiv:2102.11107"", ""arxiv:2112.05920"", ""arxiv:2412.19437"", ""arxiv:2509.17765"", ""arxiv:2604.15804"", ""doi:10.1007/978-3-319-05254-0_10"", ""doi:10.1016/S0168-9274(97)00056-1"", ""url:saad-iterative-2e"", ""url:sundials-arkode-7.7""]",cross_domain.md#X5
edge:0272,num:domain_decomposition,bridge:compositional_physics,cross_domain_analogy,将此机制与“按物理机制组合专家”连接是综述提出的研究类比；成立条件见跨域专题。,synthesis_inference,"[""arxiv:1611.01917"", ""arxiv:2102.11107"", ""arxiv:2112.05920"", ""arxiv:2412.19437"", ""arxiv:2509.17765"", ""arxiv:2604.15804"", ""doi:10.1007/978-3-319-05254-0_10"", ""doi:10.1016/S0168-9274(97)00056-1"", ""url:saad-iterative-2e"", ""url:sundials-arkode-7.7""]",cross_domain.md#X5
edge:0273,num:stiffness_imex,bridge:compositional_physics,cross_domain_analogy,将此机制与“按物理机制组合专家”连接是综述提出的研究类比；成立条件见跨域专题。,synthesis_inference,"[""arxiv:1611.01917"", ""arxiv:2102.11107"", ""arxiv:2112.05920"", ""arxiv:2412.19437"", ""arxiv:2509.17765"", ""arxiv:2604.15804"", ""doi:10.1007/978-3-319-05254-0_10"", ""doi:10.1016/S0168-9274(97)00056-1"", ""url:saad-iterative-2e"", ""url:sundials-arkode-7.7""]",cross_domain.md#X5
edge:0274,bridge:compositional_physics,hypothesis:X5,motivates_hypothesis,专家承担物理子机制，还是只识别数据集？,synthesis_inference,"[""arxiv:1611.01917"", ""arxiv:2102.11107"", ""arxiv:2112.05920"", ""arxiv:2412.19437"", ""arxiv:2509.17765"", ""arxiv:2604.15804"", ""doi:10.1007/978-3-319-05254-0_10"", ""doi:10.1016/S0168-9274(97)00056-1"", ""url:saad-iterative-2e"", ""url:sundials-arkode-7.7""]",cross_domain.md#X5
edge:0275,ai:diffusion,bridge:probabilistic_inverse,cross_domain_analogy,将此机制与“有明确含义的概率预测”连接是综述提出的研究类比；成立条件见跨域专题。,synthesis_inference,"[""arxiv:2006.11239"", ""arxiv:2107.07511"", ""arxiv:2210.02747"", ""arxiv:2212.09748"", ""arxiv:2603.09038"", ""arxiv:2604.23987"", ""doi:10.1017/S0962492901000010"", ""doi:10.1017/S0962492910000061"", ""doi:10.1017/S096249291500001X"", ""doi:10.1137/130932715""]",cross_domain.md#X6
edge:0276,ai:flow_matching,bridge:probabilistic_inverse,cross_domain_analogy,将此机制与“有明确含义的概率预测”连接是综述提出的研究类比；成立条件见跨域专题。,synthesis_inference,"[""arxiv:2006.11239"", ""arxiv:2107.07511"", ""arxiv:2210.02747"", ""arxiv:2212.09748"", ""arxiv:2603.09038"", ""arxiv:2604.23987"", ""doi:10.1017/S0962492901000010"", ""doi:10.1017/S0962492910000061"", ""doi:10.1017/S096249291500001X"", ""doi:10.1137/130932715""]",cross_domain.md#X6
edge:0277,ai:calibrated_uncertainty,bridge:probabilistic_inverse,cross_domain_analogy,将此机制与“有明确含义的概率预测”连接是综述提出的研究类比；成立条件见跨域专题。,synthesis_inference,"[""arxiv:2006.11239"", ""arxiv:2107.07511"", ""arxiv:2210.02747"", ""arxiv:2212.09748"", ""arxiv:2603.09038"", ""arxiv:2604.23987"", ""doi:10.1017/S0962492901000010"", ""doi:10.1017/S0962492910000061"", ""doi:10.1017/S096249291500001X"", ""doi:10.1137/130932715""]",cross_domain.md#X6
edge:0278,num:inverse_adjoint,bridge:probabilistic_inverse,cross_domain_analogy,将此机制与“有明确含义的概率预测”连接是综述提出的研究类比；成立条件见跨域专题。,synthesis_inference,"[""arxiv:2006.11239"", ""arxiv:2107.07511"", ""arxiv:2210.02747"", ""arxiv:2212.09748"", ""arxiv:2603.09038"", ""arxiv:2604.23987"", ""doi:10.1017/S0962492901000010"", ""doi:10.1017/S0962492910000061"", ""doi:10.1017/S096249291500001X"", ""doi:10.1137/130932715""]",cross_domain.md#X6
edge:0279,num:uq,bridge:probabilistic_inverse,cross_domain_analogy,将此机制与“有明确含义的概率预测”连接是综述提出的研究类比；成立条件见跨域专题。,synthesis_inference,"[""arxiv:2006.11239"", ""arxiv:2107.07511"", ""arxiv:2210.02747"", ""arxiv:2212.09748"", ""arxiv:2603.09038"", ""arxiv:2604.23987"", ""doi:10.1017/S0962492901000010"", ""doi:10.1017/S0962492910000061"", ""doi:10.1017/S096249291500001X"", ""doi:10.1137/130932715""]",cross_domain.md#X6
edge:0280,bridge:probabilistic_inverse,hypothesis:X6,motivates_hypothesis,条件生成能否刻画可检验的后验与目标量不确定性？,synthesis_inference,"[""arxiv:2006.11239"", ""arxiv:2107.07511"", ""arxiv:2210.02747"", ""arxiv:2212.09748"", ""arxiv:2603.09038"", ""arxiv:2604.23987"", ""doi:10.1017/S0962492901000010"", ""doi:10.1017/S0962492910000061"", ""doi:10.1017/S096249291500001X"", ""doi:10.1137/130932715""]",cross_domain.md#X6
edge:0281,ai:data_curation,bridge:data_error_budget,cross_domain_analogy,将此机制与“数据价值与数值误差预算”连接是综述提出的研究类比；成立条件见跨域专题。,synthesis_inference,"[""arxiv:1812.11118"", ""arxiv:2103.00020"", ""arxiv:2112.05920"", ""arxiv:2203.15556"", ""arxiv:2212.04356"", ""arxiv:2403.12179"", ""arxiv:2406.11794"", ""arxiv:2502.19611"", ""doi:10.1017/S0962492901000010"", ""doi:10.1017/S096249291500001X"", ""url:qualitypajama-iclr2026""]",cross_domain.md#X7
edge:0282,ai:scaling_laws,bridge:data_error_budget,cross_domain_analogy,将此机制与“数据价值与数值误差预算”连接是综述提出的研究类比；成立条件见跨域专题。,synthesis_inference,"[""arxiv:1812.11118"", ""arxiv:2103.00020"", ""arxiv:2112.05920"", ""arxiv:2203.15556"", ""arxiv:2212.04356"", ""arxiv:2403.12179"", ""arxiv:2406.11794"", ""arxiv:2502.19611"", ""doi:10.1017/S0962492901000010"", ""doi:10.1017/S096249291500001X"", ""url:qualitypajama-iclr2026""]",cross_domain.md#X7
edge:0283,num:amr,bridge:data_error_budget,cross_domain_analogy,将此机制与“数据价值与数值误差预算”连接是综述提出的研究类比；成立条件见跨域专题。,synthesis_inference,"[""arxiv:1812.11118"", ""arxiv:2103.00020"", ""arxiv:2112.05920"", ""arxiv:2203.15556"", ""arxiv:2212.04356"", ""arxiv:2403.12179"", ""arxiv:2406.11794"", ""arxiv:2502.19611"", ""doi:10.1017/S0962492901000010"", ""doi:10.1017/S096249291500001X"", ""url:qualitypajama-iclr2026""]",cross_domain.md#X7
edge:0284,num:multiscale_ap,bridge:data_error_budget,cross_domain_analogy,将此机制与“数据价值与数值误差预算”连接是综述提出的研究类比；成立条件见跨域专题。,synthesis_inference,"[""arxiv:1812.11118"", ""arxiv:2103.00020"", ""arxiv:2112.05920"", ""arxiv:2203.15556"", ""arxiv:2212.04356"", ""arxiv:2403.12179"", ""arxiv:2406.11794"", ""arxiv:2502.19611"", ""doi:10.1017/S0962492901000010"", ""doi:10.1017/S096249291500001X"", ""url:qualitypajama-iclr2026""]",cross_domain.md#X7
edge:0285,bridge:data_error_budget,hypothesis:X7,motivates_hypothesis,更多数据带来新信息，还是重复了同一求解器偏差？,synthesis_inference,"[""arxiv:1812.11118"", ""arxiv:2103.00020"", ""arxiv:2112.05920"", ""arxiv:2203.15556"", ""arxiv:2212.04356"", ""arxiv:2403.12179"", ""arxiv:2406.11794"", ""arxiv:2502.19611"", ""doi:10.1017/S0962492901000010"", ""doi:10.1017/S096249291500001X"", ""url:qualitypajama-iclr2026""]",cross_domain.md#X7
edge:0286,ai:symbolic_search_planning,bridge:algorithm_discovery,cross_domain_analogy,将此机制与“可审查的算法发现”连接是综述提出的研究类比；成立条件见跨域专题。,synthesis_inference,"[""arxiv:2210.03629"", ""arxiv:2310.06770"", ""arxiv:2401.05566"", ""arxiv:2404.07972"", ""arxiv:2504.13837"", ""arxiv:2506.13131"", ""arxiv:2605.10325"", ""doi:10.1017/S0962492902000156"", ""doi:10.1023/A:1012873910884"", ""doi:10.1038/s41586-023-06747-5"", ""url:aima-contents"", ""url:leveque-am574-2011""]",cross_domain.md#X8
edge:0287,ai:tool_agents,bridge:algorithm_discovery,cross_domain_analogy,将此机制与“可审查的算法发现”连接是综述提出的研究类比；成立条件见跨域专题。,synthesis_inference,"[""arxiv:2210.03629"", ""arxiv:2310.06770"", ""arxiv:2401.05566"", ""arxiv:2404.07972"", ""arxiv:2504.13837"", ""arxiv:2506.13131"", ""arxiv:2605.10325"", ""doi:10.1017/S0962492902000156"", ""doi:10.1023/A:1012873910884"", ""doi:10.1038/s41586-023-06747-5"", ""url:aima-contents"", ""url:leveque-am574-2011""]",cross_domain.md#X8
edge:0288,ai:execution_evaluation,bridge:algorithm_discovery,cross_domain_analogy,将此机制与“可审查的算法发现”连接是综述提出的研究类比；成立条件见跨域专题。,synthesis_inference,"[""arxiv:2210.03629"", ""arxiv:2310.06770"", ""arxiv:2401.05566"", ""arxiv:2404.07972"", ""arxiv:2504.13837"", ""arxiv:2506.13131"", ""arxiv:2605.10325"", ""doi:10.1017/S0962492902000156"", ""doi:10.1023/A:1012873910884"", ""doi:10.1038/s41586-023-06747-5"", ""url:aima-contents"", ""url:leveque-am574-2011""]",cross_domain.md#X8
edge:0289,num:finite_volume,bridge:algorithm_discovery,cross_domain_analogy,将此机制与“可审查的算法发现”连接是综述提出的研究类比；成立条件见跨域专题。,synthesis_inference,"[""arxiv:2210.03629"", ""arxiv:2310.06770"", ""arxiv:2401.05566"", ""arxiv:2404.07972"", ""arxiv:2504.13837"", ""arxiv:2506.13131"", ""arxiv:2605.10325"", ""doi:10.1017/S0962492902000156"", ""doi:10.1023/A:1012873910884"", ""doi:10.1038/s41586-023-06747-5"", ""url:aima-contents"", ""url:leveque-am574-2011""]",cross_domain.md#X8
edge:0290,num:conservation_entropy,bridge:algorithm_discovery,cross_domain_analogy,将此机制与“可审查的算法发现”连接是综述提出的研究类比；成立条件见跨域专题。,synthesis_inference,"[""arxiv:2210.03629"", ""arxiv:2310.06770"", ""arxiv:2401.05566"", ""arxiv:2404.07972"", ""arxiv:2504.13837"", ""arxiv:2506.13131"", ""arxiv:2605.10325"", ""doi:10.1017/S0962492902000156"", ""doi:10.1023/A:1012873910884"", ""doi:10.1038/s41586-023-06747-5"", ""url:aima-contents"", ""url:leveque-am574-2011""]",cross_domain.md#X8
edge:0291,bridge:algorithm_discovery,hypothesis:X8,motivates_hypothesis,受限程序搜索能否发现通过独立检验的数值组件？,synthesis_inference,"[""arxiv:2210.03629"", ""arxiv:2310.06770"", ""arxiv:2401.05566"", ""arxiv:2404.07972"", ""arxiv:2504.13837"", ""arxiv:2506.13131"", ""arxiv:2605.10325"", ""doi:10.1017/S0962492902000156"", ""doi:10.1023/A:1012873910884"", ""doi:10.1038/s41586-023-06747-5"", ""url:aima-contents"", ""url:leveque-am574-2011""]",cross_domain.md#X8
edge:0292,ai:world_models,bridge:gradient_interface,cross_domain_analogy,将此机制与“从前向预测到逆设计”连接是综述提出的研究类比；成立条件见跨域专题。,synthesis_inference,"[""arxiv:1812.11118"", ""arxiv:2102.11107"", ""arxiv:2301.04104"", ""arxiv:2406.11794"", ""arxiv:2501.10100"", ""arxiv:2502.19611"", ""arxiv:2508.10104"", ""arxiv:2603.09038"", ""arxiv:2606.27895"", ""doi:10.1017/S0962492901000010"", ""doi:10.1017/S0962492910000061"", ""doi:10.1137/130932715"", ""url:petsc-snes-manual"", ""url:qualitypajama-iclr2026"", ""url:sundials-arkode-7.7""]",cross_domain.md#X9
edge:0293,ai:generalization_theory,bridge:gradient_interface,cross_domain_analogy,将此机制与“从前向预测到逆设计”连接是综述提出的研究类比；成立条件见跨域专题。,synthesis_inference,"[""arxiv:1812.11118"", ""arxiv:2102.11107"", ""arxiv:2301.04104"", ""arxiv:2406.11794"", ""arxiv:2501.10100"", ""arxiv:2502.19611"", ""arxiv:2508.10104"", ""arxiv:2603.09038"", ""arxiv:2606.27895"", ""doi:10.1017/S0962492901000010"", ""doi:10.1017/S0962492910000061"", ""doi:10.1137/130932715"", ""url:petsc-snes-manual"", ""url:qualitypajama-iclr2026"", ""url:sundials-arkode-7.7""]",cross_domain.md#X9
edge:0294,num:inverse_adjoint,bridge:gradient_interface,cross_domain_analogy,将此机制与“从前向预测到逆设计”连接是综述提出的研究类比；成立条件见跨域专题。,synthesis_inference,"[""arxiv:1812.11118"", ""arxiv:2102.11107"", ""arxiv:2301.04104"", ""arxiv:2406.11794"", ""arxiv:2501.10100"", ""arxiv:2502.19611"", ""arxiv:2508.10104"", ""arxiv:2603.09038"", ""arxiv:2606.27895"", ""doi:10.1017/S0962492901000010"", ""doi:10.1017/S0962492910000061"", ""doi:10.1137/130932715"", ""url:petsc-snes-manual"", ""url:qualitypajama-iclr2026"", ""url:sundials-arkode-7.7""]",cross_domain.md#X9
edge:0295,num:newton,bridge:gradient_interface,cross_domain_analogy,将此机制与“从前向预测到逆设计”连接是综述提出的研究类比；成立条件见跨域专题。,synthesis_inference,"[""arxiv:1812.11118"", ""arxiv:2102.11107"", ""arxiv:2301.04104"", ""arxiv:2406.11794"", ""arxiv:2501.10100"", ""arxiv:2502.19611"", ""arxiv:2508.10104"", ""arxiv:2603.09038"", ""arxiv:2606.27895"", ""doi:10.1017/S0962492901000010"", ""doi:10.1017/S0962492910000061"", ""doi:10.1137/130932715"", ""url:petsc-snes-manual"", ""url:qualitypajama-iclr2026"", ""url:sundials-arkode-7.7""]",cross_domain.md#X9
edge:0296,bridge:gradient_interface,hypothesis:X9,motivates_hypothesis,前向准确能否转化为可信梯度和真实设计收益？,synthesis_inference,"[""arxiv:1812.11118"", ""arxiv:2102.11107"", ""arxiv:2301.04104"", ""arxiv:2406.11794"", ""arxiv:2501.10100"", ""arxiv:2502.19611"", ""arxiv:2508.10104"", ""arxiv:2603.09038"", ""arxiv:2606.27895"", ""doi:10.1017/S0962492901000010"", ""doi:10.1017/S0962492910000061"", ""doi:10.1137/130932715"", ""url:petsc-snes-manual"", ""url:qualitypajama-iclr2026"", ""url:sundials-arkode-7.7""]",cross_domain.md#X9
